{
  "min_separation_km": 0.0,
  "controller_overruns": {
    "sat_01": 0
  },
  "mean_runtime_ms": {
    "sat_01": 0.0017343712639514273
  },
  "p95_runtime_ms": {
    "sat_01": 0.003666999999984988
  },
  "jitter_ms": {
    "sat_01": 0.0010686899933327982
  }
}