{
  "min_separation_km": 0.0,
  "controller_overruns": {
    "sat_01": 0
  },
  "mean_runtime_ms": {
    "sat_01": 0.00261407742167753
  },
  "p95_runtime_ms": {
    "sat_01": 0.005175199999962735
  },
  "jitter_ms": {
    "sat_01": 0.018663195548107792
  }
}