{
  "min_separation_km": 0.0,
  "controller_overruns": {
    "sat_01": 0
  },
  "mean_runtime_ms": {
    "sat_01": 0.0018505703997211697
  },
  "p95_runtime_ms": {
    "sat_01": 0.00454120000092928
  },
  "jitter_ms": {
    "sat_01": 0.0013920146665954254
  }
}