{
  "min_separation_km": 0.0,
  "controller_overruns": {
    "sat_01": 0
  },
  "mean_runtime_ms": {
    "sat_01": 0.002000098667626805
  },
  "p95_runtime_ms": {
    "sat_01": 0.005124999999495117
  },
  "jitter_ms": {
    "sat_01": 0.0023537306309272706
  }
}