{
  "min_separation_km": 199.6958991615382,
  "time_inside_keepout_s": 0.0,
  "fuel_used_kg_by_object": {
    "sat_a": 0.03987977103335538,
    "sat_b": 0.03987977103335538
  },
  "compute_overruns_by_object": {
    "sat_a": 0,
    "sat_b": 0
  },
  "jitter_ms_by_object": {
    "sat_a": 0.03781261645716207,
    "sat_b": 0.0068012778242842985
  }
}