{
  "min_separation_km": 199.84511290851177,
  "time_inside_keepout_s": 0.0,
  "fuel_used_kg_by_object": {
    "sat_a": 0.03987977103335538,
    "sat_b": 0.040210562723046905
  },
  "compute_overruns_by_object": {
    "sat_a": 0,
    "sat_b": 0
  },
  "jitter_ms_by_object": {
    "sat_a": 0.015106640219708221,
    "sat_b": 0.007238001378585761
  }
}