{
  "min_separation_km": 199.72154567555944,
  "time_inside_keepout_s": 0.0,
  "fuel_used_kg_by_object": {
    "sat_a": 0.03987977103335538,
    "sat_b": 0.04018395076872139
  },
  "compute_overruns_by_object": {
    "sat_a": 0,
    "sat_b": 0
  },
  "jitter_ms_by_object": {
    "sat_a": 0.009302838364856257,
    "sat_b": 0.02084529424795048
  }
}