{
  "min_separation_km": 199.75052023134313,
  "time_inside_keepout_s": 0.0,
  "fuel_used_kg_by_object": {
    "sat_a": 0.04005089654194194,
    "sat_b": 0.040357983644099704
  },
  "compute_overruns_by_object": {
    "sat_a": 0,
    "sat_b": 0
  },
  "jitter_ms_by_object": {
    "sat_a": 0.018587949762002523,
    "sat_b": 0.017611541662031535
  }
}